"AHLE","Production system","Age class","Cause","median","mean","sd","lower95","upper95"
"Mortality","Crop livestock mixed","Adult","External",NA,NA,NA,NA,NA
"Mortality","Crop livestock mixed","Adult","Infectious",NA,NA,NA,NA,NA
"Mortality","Crop livestock mixed","Adult","Non-infectious",NA,NA,NA,NA,NA
"Mortality","Crop livestock mixed","Juvenile","External",3161984190.58818,3152746293.09031,10841159999.4816,2480816581.88055,3824676004.30007
"Mortality","Crop livestock mixed","Juvenile","Infectious",10353990281.1465,9953003372.85357,32344984625.7502,7948277293.75283,11957729451.9543
"Mortality","Crop livestock mixed","Juvenile","Non-infectious",4342390628.18366,4690780109.04082,14804485716.7605,3773205438.73362,5608354779.34803
"Mortality","Crop livestock mixed","Oxen","External",569722874.956411,1006970730.82875,11455011235.8472,296994824.931654,1716946636.72586
"Mortality","Crop livestock mixed","Oxen","Infectious",1531819497.28277,2451702505.07316,26727908557.2765,795120010.30411,4108284999.84222
"Mortality","Crop livestock mixed","Oxen","Non-infectious",829721521.273786,1363244114.88836,17146773842.2264,300495590.142185,2425992639.63454
"Mortality","Crop livestock mixed","Sub-adult","External",3212012676.91227,3386668176.14539,11931527367.5254,2647158037.12557,4126178315.16521
"Mortality","Crop livestock mixed","Sub-adult","Infectious",8204899620.21259,8226083283.0606,27858870237.5582,6499404345.175,9952762220.9462
"Mortality","Crop livestock mixed","Sub-adult","Non-infectious",4866217152.99458,4919424480.27016,17109380037.583,3858993604.95969,5979855355.58064
"Mortality","Dairy","Adult","External",NA,NA,NA,NA,NA
"Mortality","Dairy","Adult","Infectious",NA,NA,NA,NA,NA
"Mortality","Dairy","Adult","Non-infectious",NA,NA,NA,NA,NA
"Mortality","Dairy","Juvenile","External",42203157.1288923,45623231.7676972,887931142.432296,-9410299.3431079,100656762.878502
"Mortality","Dairy","Juvenile","Infectious",210762298.389581,207534117.24342,3540249281.07468,-11888774.5095676,426957008.996408
"Mortality","Dairy","Juvenile","Non-infectious",101486983.146562,91880994.7652149,1782383976.70517,-18590278.6768962,202352268.207326
"Mortality","Dairy","Sub-adult","External",-8304088.89084243,-7205075.0888471,1109247432.71884,-75955679.9284193,61545529.7507251
"Mortality","Dairy","Sub-adult","Infectious",-21661452.3768051,-8790920.69410914,3221134203.40729,-208435218.459924,190853377.071706
"Mortality","Dairy","Sub-adult","Non-infectious",-12927130.1553292,7492185.57158944,1919491052.1361,-111476916.295112,126461287.438291
"Mortality","Pastoral","Adult","External",NA,NA,NA,NA,NA
"Mortality","Pastoral","Adult","Infectious",NA,NA,NA,NA,NA
"Mortality","Pastoral","Adult","Non-infectious",NA,NA,NA,NA,NA
"Mortality","Pastoral","Juvenile","External",1499790226.69997,1488344090.88199,2805326580.53878,1314471343.021,1662216838.74298
"Mortality","Pastoral","Juvenile","Infectious",2950699340.66418,2918746659.93087,5652094731.25692,2568432636.27609,3269060683.58565
"Mortality","Pastoral","Juvenile","Non-infectious",1254101389.11176,1241968366.48663,2401500808.04139,1093124539.39668,1390812193.57657
"Mortality","Pastoral","Sub-adult","External",1572196122.77702,1581039554.8434,2942373943.55229,1398672679.50379,1763406430.18301
"Mortality","Pastoral","Sub-adult","Infectious",2767868225.87254,2707201755.37382,4984595365.36073,2398259010.82392,3016144499.92371
"Mortality","Pastoral","Sub-adult","Non-infectious",1540690974.19265,1515161843.41731,2832868793.12534,1339582042.90234,1690741643.93228
"Production loss","Crop livestock mixed","Adult","External",NA,NA,NA,NA,NA
"Production loss","Crop livestock mixed","Adult","Infectious",NA,NA,NA,NA,NA
"Production loss","Crop livestock mixed","Adult","Non-infectious",NA,NA,NA,NA,NA
"Production loss","Crop livestock mixed","Juvenile","External",NA,NA,NA,NA,NA
"Production loss","Crop livestock mixed","Juvenile","Infectious",NA,NA,NA,NA,NA
"Production loss","Crop livestock mixed","Juvenile","Non-infectious",NA,NA,NA,NA,NA
"Production loss","Crop livestock mixed","Oxen","External",7611106514.51953,7714222858.38638,11860547752.787,6979112000.62754,8449333716.14523
"Production loss","Crop livestock mixed","Oxen","Infectious",25571336515.4396,25278868484.609,38545263856.6036,22889852178.8899,27667884790.3282
"Production loss","Crop livestock mixed","Oxen","Non-infectious",21893000498.8513,22425481537.7188,34309098644.1299,20299020647.4709,24551942427.9667
"Production loss","Crop livestock mixed","Sub-adult","External",NA,NA,NA,NA,NA
"Production loss","Crop livestock mixed","Sub-adult","Infectious",NA,NA,NA,NA,NA
"Production loss","Crop livestock mixed","Sub-adult","Non-infectious",NA,NA,NA,NA,NA
"Production loss","Dairy","Adult","External",NA,NA,NA,NA,NA
"Production loss","Dairy","Adult","Infectious",NA,NA,NA,NA,NA
"Production loss","Dairy","Adult","Non-infectious",NA,NA,NA,NA,NA
"Production loss","Dairy","Juvenile","External",NA,NA,NA,NA,NA
"Production loss","Dairy","Juvenile","Infectious",NA,NA,NA,NA,NA
"Production loss","Dairy","Juvenile","Non-infectious",NA,NA,NA,NA,NA
"Production loss","Dairy","Sub-adult","External",NA,NA,NA,NA,NA
"Production loss","Dairy","Sub-adult","Infectious",NA,NA,NA,NA,NA
"Production loss","Dairy","Sub-adult","Non-infectious",NA,NA,NA,NA,NA
"Production loss","Pastoral","Adult","External",NA,NA,NA,NA,NA
"Production loss","Pastoral","Adult","Infectious",NA,NA,NA,NA,NA
"Production loss","Pastoral","Adult","Non-infectious",NA,NA,NA,NA,NA
"Production loss","Pastoral","Juvenile","External",NA,NA,NA,NA,NA
"Production loss","Pastoral","Juvenile","Infectious",NA,NA,NA,NA,NA
"Production loss","Pastoral","Juvenile","Non-infectious",NA,NA,NA,NA,NA
"Production loss","Pastoral","Sub-adult","External",NA,NA,NA,NA,NA
"Production loss","Pastoral","Sub-adult","Infectious",NA,NA,NA,NA,NA
"Production loss","Pastoral","Sub-adult","Non-infectious",NA,NA,NA,NA,NA
